<?xml version="1.0" encoding="UTF-8"?>
<Module>
    <ModulePrefs title="Customer Experience Journey"
        description="Customer Experience Journey">
        <Require feature="settitle" />
        <Require feature="dynamic-height" />
        <Require feature="pubsub-2" />
        <Require feature="setprefs" />
        <Require feature="loadingindicator">
            <Param name="manual-dismiss">true</Param>
            <Param name="loading-timeout">100</Param>
        </Require>
        <Optional feature="content-rewrite">
            <Param name="exclude-url">cx.cloudcherry.com</Param>
        </Optional>
        <Optional feature="collapsible" />

    </ModulePrefs>
    <Content type="html">
        <![CDATA[
            <!DOCTYPE html>

            <!-- Finesse Library -->
            <script type="text/javascript" src="/desktop/assets/js/jquery.min.js"></script>
            <script type="text/javascript" src="/desktop/assets/js/finesse.js"></script>
            <script src="https://cx.cloudcherry.com/gadgets/finesse/responses-gadget.js"></script>
            <link rel="stylesheet" type="text/css" href="https://cx.cloudcherry.com/gadgets/finesse/gadget-bootstrap.css">
            <link rel="stylesheet" type="text/css" href="https://cx.cloudcherry.com/gadgets/finesse/responses-gadget.css">
            <body>
                <script src="https://cx.cloudcherry.com/gadgets/gadgets.js"></script>
                 <div class="cloudcherry-gadget-wrap response-gadget-wrap">
                    <cloudcherry-responses-widget></cloudcherry-responses-widget>
                </div> 
                <script src="https://cx.cloudcherry.com/gadgets/finesse/gadget-bootstrap.js"></script>
            </body>
        ]]>
    </Content>
</Module>
