<?xml version="1.0" encoding="UTF-8"?>
<Module>
   <ModulePrefs>
      <Require feature="settitle" />
      <Require feature="dynamic-height" />
      <Require feature="pubsub-2" />
      <Require feature="setprefs" />
      <Require feature="loadingindicator">
         <Param name="manual-dismiss">false</Param>
         <Param name="loading-timeout">10</Param>
      </Require>
      <Optional feature="content-rewrite">
          <Param name="exclude-url">ccaigadgets.</Param>
      </Optional>
   </ModulePrefs>
   <Content type="html"><![CDATA[<!DOCTYPE html>
            <!-- Styling -->
            <style>
                @font-face {
                    font-family: 'CiscoSansTT Regular';
                    src: url('/desktop/scripts/fonts/CiscoSansTTRegular.woff');
                    font-weight: normal;
                    font-style: normal;
                }
            </style>
              
            <!-- jQuery -->
            <script type="text/javascript" src="/desktop/assets/js/jquery.min.js"></script>
             
            <!-- Finesse Library -->
            <script type="text/javascript" src="/desktop/assets/js/finesse.js"></script>
  
            <!-- Gadget Business Logic -->
           <script type="module" src="./wccaiGadgetsProvider.js"></script> 
            <body>
                <div id="loadingIcon"></div>
                <div id="finesseAnswersGadget"></div>
            </body>
  
            <script type="text/javascript">
                <!-- initialize the gadget running the render method defined in ccai-gadgets.min.js -->
		  var answerGadgetLoaded = false, containerServices;

                  gadgets.HubSettings.onConnect = function () {
                     // Initialize the container services	
		     containerServices = finesse.containerservices.ContainerServices.init();
                     function renderFinesseGadget() {
                        if (window.finesseMainAppGlobalUI) {
                           window.finesseMainAppGlobalUI.render({type: "answers"},
                              'finesseAnswersGadget');
                           answerGadgetLoaded = true;
                        } else {
                           retryRender();
                        }
                     }
                     function retryRender() {
                        setTimeout(renderFinesseGadget, 500);
                     }
  
		      renderFinesseGadget();

 		      /** To inform that the gadget is loaded and handle which/when events to be called */	
                     containerServices.makeActiveTabReq();
           };                
            </script>]]>
	</Content>
</Module>
